<?xml version="1.0" encoding="UTF-8"?>
<project-private xmlns="http://www.netbeans.org/ns/project-private/1">
    <editor-bookmarks xmlns="http://www.netbeans.org/ns/editor-bookmarks/2" lastBookmarkId="0"/>
    <open-files xmlns="http://www.netbeans.org/ns/projectui-open-files/2">
        <group>
            <file>file:/C:/Users/g/Pictures/Project/JohnDoePrimePath/src/johndoeprimepath/PrimePath.java</file>
            <file>file:/C:/Users/g/Pictures/Project/JohnDoePrimePath/src/johndoeprimepath/ParseUtil.java</file>
            <file>file:/C:/Users/g/Pictures/Project/JohnDoePrimePath/src/johndoeprimepath/JohnDoePrimePath.java</file>
            <file>file:/C:/Users/g/Pictures/Project/JohnDoePrimePath/src/johndoeprimepath/Paths.java</file>
            <file>file:/C:/Users/g/Pictures/Project/JohnDoePrimePath/src/johndoeprimepath/Constants.java</file>
        </group>
    </open-files>
</project-private>
